frame,rgba_diff_pixels,rgba_exact_ratio,alpha_diff_pixels,alpha_exact_ratio,r_mae,g_mae,b_mae,a_mae,r_max,g_max,b_max,a_max,black_mae,black_max,paper_mae,paper_max
0,318568,0.7268792866941015,112954,0.9031601508916324,0.3380847050754458,0.2940380658436214,0.39426440329218104,0.12278549382716049,12,7,11,10,0.3271570644718793,13,0.28705418381344305,12
1,439757,0.6229792524005486,151838,0.8698233882030179,1.3357878943758574,1.2330469821673526,1.4633539094650205,0.45564729080932787,67,70,66,82,1.2639211819844536,70,1.1397279378143577,70
2,741686,0.36412379972565156,120306,0.8968569958847736,1.4159850823045268,1.3199125514403292,1.9123259602194786,0.32532064471879285,73,69,82,93,1.0409522176497485,81,0.9524236968449932,83
3,738358,0.3669770233196159,119144,0.8978532235939644,1.4080701303155008,1.3120670438957476,1.904363854595336,0.3215354938271605,73,69,82,76,1.0394115797896661,81,0.9520584705075446,83
4,559725,0.5201260288065843,110756,0.9050445816186556,1.0734705075445816,0.9688383058984911,1.2944873113854596,0.26546467764060355,61,59,64,62,0.8110942501143118,57,0.7318729995427526,52
5,627592,0.4619410150891632,95765,0.9178969478737997,1.3002289094650206,1.1995447530864198,1.6136865569272976,0.29992541152263374,77,82,83,87,0.996775548696845,91,0.9121867855509831,83
6,546824,0.5311865569272977,89069,0.9236376886145404,1.0040689300411523,0.9163383058984911,1.2887397119341564,0.25061471193415635,72,74,73,75,0.77704561042524,73,0.7029003772290809,74
7,546181,0.5317378257887517,88127,0.9244453017832648,1.000636145404664,0.9131747256515775,1.2875685871056242,0.24808899176954732,72,66,62,75,0.7754140946502057,68,0.7023522519433013,68
8,206533,0.8229312414266118,33530,0.9712534293552813,0.22518604252400548,0.19305041152263375,0.254710219478738,0.03566358024691358,10,7,12,7,0.17500771604938273,12,0.16154921124828533,12
9,473484,0.5940637860082305,73058,0.9373645404663923,0.9719710219478738,0.8713554526748971,1.1293158436213993,0.22621827846364884,68,73,71,79,0.7322919524462734,72,0.6676057384545039,68
10,459483,0.6060673868312757,55695,0.9522505144032922,0.8572599451303154,0.7522033607681756,1.0006447187928669,0.1521596364883402,85,85,83,76,0.5933016117969822,76,0.5459079218106996,76
11,467636,0.5990775034293553,64372,0.9448113854595336,0.9049871399176955,0.795008573388203,1.0258916323731138,0.20160751028806584,67,63,64,81,0.6147253657978967,74,0.5544570187471421,67
12,447409,0.6164188957475994,64639,0.9445824759945131,0.8610991083676269,0.7547050754458162,0.9925351508916324,0.1899519890260631,62,55,57,66,0.5987951531778692,66,0.5435368084133516,63
13,538237,0.5385485253772291,44323,0.9620001714677641,0.9522093621399177,0.8697968106995885,1.118179012345679,0.13506944444444444,86,86,88,83,0.5347599451303156,79,0.48954818244170095,79
14,456929,0.6082570301783266,28802,0.975306927297668,0.6624965706447188,0.6170550411522634,0.8566126543209877,0.07588820301783265,94,94,98,71,0.3442569730224051,69,0.3098199588477366,68
15,397141,0.6595156035665295,26379,0.9773842592592592,0.6896073388203018,0.6549082647462278,0.8268818587105624,0.08152520576131687,73,73,73,86,0.33598050983081845,75,0.2992292524005487,72
16,77371,0.9336668381344307,12541,0.9892481138545953,0.08294753086419752,0.07515432098765432,0.09781721536351166,0.013511659807956104,8,7,12,7,0.056789837677183354,12,0.04997713763145862,12
17,202677,0.8262371399176955,18852,0.9838374485596708,0.33497427983539096,0.3230889917695473,0.3995327503429355,0.056978737997256515,113,113,113,93,0.16935128029263832,88,0.1424939986282579,93
18,199777,0.8287234224965706,19145,0.9835862482853224,0.3268689986282579,0.3143218449931413,0.39310528120713306,0.055601851851851854,64,66,68,78,0.16699931412894375,73,0.14084647919524462,56
19,196686,0.8313734567901234,19222,0.9835202331961591,0.28799468449931415,0.28181241426611797,0.3558573388203018,0.05791323731138546,78,78,81,86,0.12023148148148148,75,0.08981481481481482,82
20,159070,0.8636231138545953,17265,0.9851980452674897,0.2047590877914952,0.19930641289437587,0.262454561042524,0.04034293552812071,42,44,46,63,0.07437299954275263,59,0.05381944444444445,46
21,145716,0.8750720164609054,19687,0.9831215706447188,0.20631772976680385,0.20012688614540466,0.2525480109739369,0.058357338820301786,61,61,60,94,0.10202560585276635,83,0.07213991769547325,61
22,143805,0.876710390946502,19492,0.9832887517146777,0.20280778463648835,0.1973954046639232,0.249565329218107,0.05652606310013717,61,61,60,94,0.10007344535893918,83,0.07151377457704618,61
23,391238,0.6645764746227709,16753,0.9856370027434842,0.4226011659807956,0.41102537722908095,0.4912071330589849,0.05685099451303155,109,110,105,92,0.10008316186556927,92,0.07775062871513488,92
24,55002,0.9528446502057614,9102,0.9921965020576131,0.05246227709190672,0.04840363511659808,0.06495370370370371,0.009675068587105625,9,6,9,8,0.025609282121627802,10,0.020412379972565158,8
25,206180,0.8232338820301783,14766,0.9873405349794239,0.26974622770919066,0.25993227023319615,0.3501868998628258,0.04173525377229081,66,68,74,103,0.1103858024691358,76,0.08944587334247828,74
26,359454,0.6918261316872427,14650,0.9874399862825789,0.3899468449931413,0.38442815500685873,0.48440843621399177,0.04321759259259259,100,103,98,84,0.09038208733424782,84,0.0750008573388203,81
27,352192,0.6980521262002743,14606,0.9874777091906721,0.38079646776406034,0.3765380658436214,0.47666152263374484,0.04277949245541838,78,68,71,84,0.09002457704618198,84,0.07488454503886603,76
28,219845,0.8115183470507544,11621,0.990036865569273,0.24450188614540466,0.23501371742112484,0.3653223593964335,0.02631258573388203,42,44,43,68,0.06551211705532693,54,0.05264003200731596,44
29,200940,0.8277263374485597,13667,0.9882827503429356,0.2510270919067215,0.24751457475994512,0.3596622085048011,0.04077503429355281,68,70,63,93,0.0964106081390032,80,0.07555669867398263,70
30,176254,0.8488906035665295,11846,0.9898439643347051,0.2298962620027435,0.22219650205761318,0.321068244170096,0.03193501371742113,68,76,81,76,0.08127914951989026,76,0.06508173296753543,81
31,189860,0.8372256515775034,10522,0.9909790809327846,0.2834336419753086,0.2761076817558299,0.36121999314128944,0.0310090877914952,70,70,70,80,0.0946299154092364,74,0.07826388888888888,69
32,49261,0.9577666323731139,6126,0.9947479423868313,0.0496184842249657,0.046834705075445814,0.06452160493827161,0.006435185185185185,7,6,8,4,0.02171953589391861,8,0.018047267946959305,8
33,49261,0.9577666323731139,6126,0.9947479423868313,0.04960905349794239,0.0468252743484225,0.06451217421124829,0.006435185185185185,7,6,8,4,0.021722965249199817,8,0.0180438385916781,8
34,152384,0.869355281207133,12281,0.9894710219478738,0.20963906035665295,0.19786694101508917,0.2834619341563786,0.032210219478738,55,55,58,85,0.1004461019661637,82,0.08301154549611339,58
35,410764,0.6478360768175583,9889,0.9915217764060357,0.46171296296296294,0.4473405349794239,0.548369341563786,0.03401663237311386,102,101,106,99,0.11968764288980338,99,0.1067938385916781,97
36,276000,0.7633744855967078,14957,0.9871767832647462,0.35204646776406034,0.3176740397805213,0.4589934842249657,0.03308384773662552,57,56,59,56,0.11520890489254687,55,0.0981432898948331,56
37,273148,0.7658196159122085,14837,0.9872796639231824,0.3496639231824417,0.3152143347050754,0.4529938271604938,0.03286093964334705,57,56,59,56,0.11489083219021491,52,0.09793781435756745,51
38,438509,0.6240492112482854,23799,0.9795961934156379,0.5109833676268861,0.4883247599451303,0.7122410836762688,0.06556155692729766,61,61,56,85,0.1617198216735254,77,0.1408021833561957,58
39,437752,0.6246982167352537,23082,0.9802109053497943,0.5698705418381345,0.5377683470507545,0.7430461248285323,0.07326131687242798,100,101,105,102,0.20924982853223595,85,0.18479623914037493,92
40,111767,0.9041778120713306,10882,0.990670438957476,0.11361282578875172,0.10585219478737998,0.14335219478737998,0.011875,8,7,11,9,0.04742541152263374,11,0.0428998056698674,11
41,413757,0.6452700617283951,23700,0.9796810699588477,0.5771536351165981,0.5652563443072702,0.7094050068587106,0.08066529492455418,111,109,107,89,0.25243941472336534,89,0.22404006630086876,83
42,396703,0.6598911179698217,23673,0.9797042181069959,0.5562405692729767,0.5430255486968449,0.6893269890260632,0.07750514403292182,94,94,96,76,0.2485693872885231,73,0.22173496799268405,71
43,403028,0.6544684499314128,25117,0.9784662208504801,0.6204989711934157,0.576213134430727,0.7615337791495199,0.08880658436213992,102,102,99,89,0.2957776063100137,91,0.2628403635116598,90
44,370566,0.6822993827160494,30662,0.9737122770919068,0.5262302812071331,0.47036008230452675,0.6475437242798354,0.07876886145404664,65,65,63,79,0.2417624028349337,82,0.2128012117055327,59
45,415171,0.6440577846364883,33811,0.9710125171467764,0.6900857338820302,0.6516057956104252,0.83772719478738,0.1118269890260631,104,104,104,109,0.36809756515775033,104,0.32633087562871516,97
46,450030,0.6141718106995885,42319,0.9637182784636489,0.7047548010973936,0.6438605967078189,0.8643998628257887,0.12454132373113855,73,73,73,81,0.36385631001371743,77,0.320214906264289,62
47,448551,0.6154398148148148,45344,0.9611248285322359,0.8380289780521262,0.7677323388203018,0.9662251371742112,0.14959104938271606,76,76,78,88,0.5046444901691816,83,0.44805326931870143,74
48,157344,0.8651028806584362,22310,0.9808727709190672,0.1788434499314129,0.15280092592592592,0.20349965706447187,0.02424897119341564,11,7,12,8,0.1150505829903978,12,0.10534436442615455,12
49,452821,0.6117789780521262,47721,0.9590869341563786,0.8886531207133059,0.8186814128943759,1.0144864540466392,0.155,95,95,95,102,0.5866618084133516,92,0.5186934156378601,86
50,554591,0.5245276063100137,65140,0.9441529492455418,1.068036694101509,0.9669178669410151,1.2123088134430726,0.17941015089163237,73,69,60,87,0.7554895404663923,78,0.685185470964792,65
51,571834,0.5097445130315501,62694,0.94625,1.2708967764060357,1.1232167352537723,1.4204483882030179,0.20343792866941016,63,65,67,86,0.9852940672153635,84,0.9054072359396433,66
52,546104,0.5318038408779149,62814,0.9461471193415638,1.235943072702332,1.088326474622771,1.3828557956104253,0.1842815500685871,57,54,58,64,0.9669150091449474,59,0.896269718792867,62
53,552657,0.5261856995884774,67663,0.9419898834019205,1.2701826131687244,1.1372522290809328,1.4217969821673526,0.21455504115226337,87,82,81,83,1.0466786694101509,70,0.9645704732510288,66
54,531478,0.5443432784636488,56015,0.9519761659807956,1.149275548696845,1.0136899862825788,1.286784122085048,0.15549125514403292,66,66,65,80,0.9467986968449932,71,0.8848145290352081,62
55,501413,0.570119170096022,57452,0.950744170096022,1.2526551783264745,1.1151157407407408,1.385551268861454,0.18287037037037038,83,79,71,88,1.122664609053498,76,1.0516240855052583,66
56,264890,0.7728995198902606,21612,0.9814711934156378,0.29353566529492453,0.25410065157750344,0.3243347050754458,0.02332733196159122,10,6,11,8,0.2645747599451303,11,0.2546724965706447,11
57,264890,0.7728995198902606,21612,0.9814711934156378,0.29353566529492453,0.25410065157750344,0.3243347050754458,0.02332733196159122,10,6,11,8,0.2645747599451303,11,0.2546724965706447,11
58,468801,0.5980787037037036,36526,0.968684842249657,1.0605409807956103,0.9300394375857339,1.1901423182441702,0.11936042524005487,45,42,48,81,1.0014603337905807,72,0.9361165409236397,48
59,571784,0.5097873799725652,34593,0.9703420781893004,1.348449074074074,1.194056927297668,1.4812980109739369,0.13122256515775035,77,75,76,88,1.2009987997256515,88,1.1434839391860996,77
60,528727,0.546701817558299,24443,0.9790440672153635,0.9607475994513032,0.808886316872428,1.0886351165980797,0.05964248971193416,49,49,49,59,0.8240789323273892,53,0.7996804983996342,49
61,490401,0.5795601851851853,16776,0.9856172839506173,1.1601868998628257,0.9759885116598079,1.2370944787379972,0.05074845679012346,74,72,73,73,1.0583247599451304,68,1.0379452446273434,59
62,547990,0.5301868998628259,13698,0.9882561728395062,1.109690500685871,0.9698748285322359,1.2730332647462277,0.03763888888888889,54,46,54,70,1.0247319387288523,64,1.0087205647005029,54
63,547201,0.530863340192044,13623,0.9883204732510288,1.1085133744855966,0.967253086419753,1.2677229080932784,0.03707304526748971,44,45,54,66,1.022993827160494,63,1.0073602537722908,54
64,304903,0.7385948216735254,6508,0.994420438957476,0.3226929012345679,0.28377486282578873,0.3572222222222222,0.00714420438957476,8,6,11,5,0.29922953818015546,11,0.2963908893461363,11
65,823665,0.2938400205761317,9214,0.9921004801097394,1.8666289437585735,1.6805306927297667,2.1091709533607683,0.028069272976680385,54,58,54,92,1.7749096936442617,69,1.7649076931870142,54
66,911110,0.2188700274348423,7804,0.9933093278463648,1.7996201989026064,1.576446330589849,2.062383401920439,0.02054355281207133,78,73,70,81,1.7598828303612255,66,1.7538891746684957,66
67,909792,0.21999999999999997,7762,0.9933453360768175,1.7978309327846365,1.574102366255144,2.0598859739369,0.01980281207133059,78,73,70,51,1.7588031550068588,54,1.752900377229081,63
68,975379,0.16376971879286695,1194,0.9989763374485596,1.6915543552812071,1.4510305212620027,1.963943758573388,0.0029483882030178327,50,49,53,40,1.7025382944673069,53,1.7023874028349337,53
69,1005856,0.13764060356652952,1074,0.9990792181069958,1.9997205075445816,1.7731087105624144,2.2974725651577503,0.003177297668038409,71,70,71,36,2.023841735253772,71,2.0237385688157294,71
70,893466,0.23399691358024688,3895,0.9966606652949246,1.4044521604938272,1.2113846021947874,1.6362037037037036,0.01079389574759945,61,64,75,64,1.4191623799725652,75,1.4175683013260174,75
71,864145,0.25913494513031554,44,0.9999622770919068,1.2793098422496572,1.093440500685871,1.4263777434842249,0.00010973936899862826,68,68,66,18,1.266413465935071,68,1.2663783150434385,68
72,231717,0.8013400205761316,22,0.9999811385459534,0.23957990397805212,0.22236196844993142,0.2529209533607682,0.000023148148148148147,8,6,8,2,0.2383073273891175,8,0.2382881801554641,8
73,812393,0.30350394375857337,5,0.9999957133058985,1.0134362139917696,0.8995216049382716,1.191872427983539,0.000012860082304526749,31,32,32,10,1.0349542752629173,32,1.0349425582990397,32
74,834802,0.2842918381344307,15362,0.986829561042524,1.0858084705075446,0.9747290809327847,1.16892061042524,0.04200017146776406,49,50,52,47,1.0935862482853222,52,1.0754566758116142,52
